{
    "P": [
        -2.1875, 
        0.0, 
        0.0, 
        0.0, 
        0.0, 
        -3.28125, 
        0.0, 
        0.0, 
        0.0, 
        0.0, 
        1.0, 
        -1.0, 
        0.0, 
        0.0, 
        0.0, 
        0.0
    ], 
    "MV": [
        -1.0, 
        0.0, 
        0.0, 
        0.0, 
        0.0, 
        0.9934136271476746, 
        0.1145835891366005, 
        0.0, 
        0.0, 
        -0.1145835891366005, 
        0.9934136271476746, 
        0.0, 
        0.0, 
        -8.788300514221191, 
        -11.079972267150879, 
        1.0
    ]
}